<?xml version="1.0"?>
<doc>
    <assembly>
        <name>Transaction</name>
    </assembly>
    <members>
        <member name="P:Transaction.Models.AddPurchaseReq.folioNo">
            <summary> e.g. 9104299083  </summary>///
        </member>
        <member name="P:Transaction.Models.AddPurchaseReq.schemeName">
            <summary>e.g. CP </summary>
        </member>
        <member name="P:Transaction.Models.AddPurchaseReq.plan">
            <summary>e.g. GP </summary>
        </member>
        <member name="P:Transaction.Models.AddPurchaseReq.option">
            <summary>e.g. G </summary>
        </member>
        <member name="P:Transaction.Models.AddPurchaseReq.amount">
            <summary>e.g. 5000 </summary>
        </member>
        <member name="P:Transaction.Models.AddPurchaseReq.brokerCode">
            <summary>e.g. ARN-0018 </summary>
        </member>
        <member name="P:Transaction.Models.AddPurchaseReq.subBroker">
            <summary>e.g. "" (optional) </summary>
        </member>
        <member name="P:Transaction.Models.AddPurchaseReq.subBrokerCode">
            <summary>e.g. ARN-0055 </summary>
        </member>
        <member name="P:Transaction.Models.AddPurchaseReq.euinDeclarationFlag">
            <summary>e.g. false </summary>
        </member>
        <member name="P:Transaction.Models.AddPurchaseReq.euinCode">
            <summary>e.g. E123456 </summary>
        </member>
        <member name="P:Transaction.Models.AddPurchaseReq.paymentMode">
            <summary>DCB|DC|UPI</summary>
        </member>
        <member name="P:Transaction.Models.AddPurchaseReq.bankName">
            <summary>e.g. ICICI BANK</summary>
        </member>
        <member name="P:Transaction.Models.AddPurchaseReq.bankAccNo">
            <summary>e.g. 9465233547151 </summary>
        </member>
        <member name="P:Transaction.Models.distributorListReq.planType">
            <summary> e.g. R-Regular|D-Direct</summary>
        </member>
        <member name="P:Transaction.Models.AddPurchaseShortCutReq.folioNo">
            <summary> e.g. 9104299083</summary>
        </member>
        <member name="P:Transaction.Models.ISIPdetailReq.folioNo">
             <summary> e.g. "12536563565"  </summary> 
        </member>
        <member name="P:Transaction.Models.ISIPdetailReq.schemeCode">
            <summary> "Refer Postlogin:panwiseScheme:schemeCode  API  "schemeCode" Key eg "127FMGDG" " </summary>
        </member>
        <member name="P:Transaction.Models.CityReq.stateName">
            <summary>  Enter valid state name e.g. MAHARASHTRA | GUJARAT </summary>
        </member>
        <member name="P:Transaction.Models.BankReq.IFSCCode">
            <summary> Enter valid IFSC code e.g. HDFC0000001 </summary>
        </member>
        <member name="P:Transaction.Models.AccountTypeReq.category">
            <summary> Enter valid category eg. RI | NRI </summary>
        </member>
        <member name="P:Transaction.Models.BankTypeReq.investmentType">
            <summary> Enter type as SIP | "" for lumpsum </summary>
        </member>
        <member name="P:Transaction.Models.PlanReq.schemeCode">
            <summary>Enter valid scheme code eg. CP</summary>
        </member>
        <member name="P:Transaction.Models.PlanReq.planMode">
            <summary>Enter valid scheme code eg. direct</summary>
        </member>
        <member name="P:Transaction.Models.BasicDetails.category">
            <summary> "Refer holderBasicDetails API  "category:categoryId" Key eg 11|21" </summary>
        </member>
        <member name="P:Transaction.Models.BasicDetails.ifNri">
            <summary> "Refer holderBasicDetails API  "nri:nriId" Key eg 1|2" </summary>
        </member>
        <member name="P:Transaction.Models.BasicDetails.occupation">
            <summary> "Refer holderBasicDetails API  "occupation:occupationId" Key eg 1|2" </summary>
        </member>
        <member name="P:Transaction.Models.BasicDetails.title">
            <summary> "Mr.|Master|Miss|Mrs." </summary>
        </member>
        <member name="P:Transaction.Models.BasicDetails.kycStatus">
            <summary> 0(false)|1(true)</summary>
        </member>
        <member name="P:Transaction.Models.FirstHolderGurdian.kycStatus">
            <summary> 0(false)|1(true)</summary>
        </member>
        <member name="P:Transaction.Models.NomineeDetails.gurdianKycStatus">
            <summary> 0(false)|1(true)</summary>
        </member>
        <member name="P:Transaction.Models.ScreenNewInvestorBankDetails.paymentMode">
            <summary>DCB|DC|UPI</summary>
        </member>
        <member name="P:Transaction.Models.MFSIP.SubSIPReq.scheme">
            <summary> e.g. CP</summary>
        </member>
        <member name="P:Transaction.Models.MFSIP.SubSIPReq.plan">
            <summary> e.g. GD</summary>
        </member>
        <member name="P:Transaction.Models.MFSIP.SubSIPReq.option">
            <summary> e.g. G</summary>
        </member>
        <member name="P:Transaction.Models.MFSIP.SubSIPReq.sipDate">
            <summary> e.g. 1 to 28 only</summary>
        </member>
        <member name="P:Transaction.Models.MFSIP.SubSIPReq.startDate">
            <summary> e.g. yyyy-MM-dd format only</summary>
        </member>
        <member name="P:Transaction.Models.MFSIP.SubSIPReq.endDate">
            <summary> e.g. yyyy-MM-dd format only</summary>
        </member>
        <member name="P:Transaction.Models.MFSIP.SubSIPReq.euinDeclarationFlag">
            <summary> e.g. pass true in case of declaration checked else false only</summary>
        </member>
        <member name="P:Transaction.Models.STPTransReq.moSchemeCode">
            <summary>e.g. 127CPGPG </summary>
        </member>
        <member name="P:Transaction.Models.STPTransReq.acno">
            <summary>e.g. 12345 </summary>
        </member>
        <member name="P:Transaction.Models.STPTransReq.amount">
            <summary>e.g. 1000 </summary>
        </member>
        <member name="P:Transaction.Models.STPTransReq.freq">
            <summary>e.g. 3 </summary>
        </member>
        <member name="P:Transaction.Models.STPTransReq.stdt">
            <summary>e.g. 2018-07-04 (yyyy-MM-dd) </summary>
        </member>
        <member name="P:Transaction.Models.STPTransReq.enddt">
            <summary>e.g. 2018-09-04 (yyyy-MM-dd)</summary>
        </member>
        <member name="P:Transaction.Models.STPTransReq.toscheme">
            <summary>e.g. CP </summary>
        </member>
        <member name="P:Transaction.Models.STPTransReq.toplan">
            <summary>e.g. GP </summary>
        </member>
        <member name="P:Transaction.Models.STPTransReq.tooption">
            <summary>e.g. G </summary>
        </member>
        <member name="P:Transaction.Models.STPTransReq.planMode">
            <summary>e.g. Regular </summary>
        </member>
        <member name="P:Transaction.Models.STPTransReq.brokerCode">
            <summary>e.g.  ARN-82440 </summary> 
        </member>
        <member name="P:Transaction.Models.STPTransReq.EUINNo">
            <summary>e.g. "" </summary> 
        </member>
        <member name="P:Transaction.Models.STPTransReq.EUINFlag">
            <summary>e.g. false </summary> 
        </member>
        <member name="P:Transaction.Models.STPTransReq.SubBrokerARNCode">
            <summary>e.g. "" </summary>
        </member>
        <member name="P:Transaction.Models.STPTransReq.EUINsubarncode">
            <summary>e.g. "" </summary>
        </member>
        <member name="P:Transaction.Models.aadharcheckReq.aadharNumber">
            <summary>Enter valid 12 digit aadhar number</summary>
        </member>
        <member name="P:Transaction.Models.calculateInstalment.frequency">
            <summary>WEEKLY|FORTNIGHTLY|MONTHLY|QUARTERLY|YEARLY</summary>
        </member>
        <member name="P:Transaction.Models.BrokerReq.brokerCode">
            <summary>Enter valid subbroker e.g. ARN-0163 </summary>
        </member>
        <member name="P:Transaction.Models.BrokerReq.subBroker">
            <summary>"" </summary>
        </member>
        <member name="P:Transaction.Models.BrokerReq.subBrokerCode">
            <summary>"" </summary>
        </member>
        <member name="P:Transaction.Models.BrokerReq.euin">
            <summary>Enter valid EUIN no.: e.g. E094156</summary>
        </member>
        <member name="P:Transaction.Models.PanKYCReq.panNo">
            <summary>Enter valid pan no. e.g. "XXXXX1234X"</summary>
        </member>
        <member name="P:Transaction.Models.SchemeValueReq.schemeCode">
            <summary>LT</summary>
        </member>
        <member name="P:Transaction.Models.SchemeValueReq.planCode">
            <summary>GP</summary>
        </member>
        <member name="P:Transaction.Models.SchemeValueReq.optionCode">
            <summary>G</summary>
        </member>
        <member name="P:Transaction.Models.SchemeValueReq.frequency">
            <summary>MONTHLY / QUARTERLY / YEARLY / WEEKLY / FORTNIGHTLY</summary>
        </member>
        <member name="P:Transaction.Models.SchemeValueReq.transactionType">
            <summary> NewSIp | AddSIP | NewP | AddP | Switch | STP | Redeem </summary>
        </member>
        <member name="P:Transaction.Models.Strategylist.typeofTrans">
            <summary> ""New|Existing" </summary>
        </member>
        <member name="P:Transaction.Models.BankAndDistri.strategyCode">
            <summary> "Incase of  NEW investment "" else Refer strategyList API  "pmsCode" Key" </summary>
        </member>
        <member name="P:Transaction.Models.BankAndDistri.transactionType">
            <summary> "Incase of  NEW investment "" else TOPUP|SIP" </summary>
        </member>
        <member name="P:Transaction.Models.SavePMSSIP.pmsCode">
            <summary> "PMSCode Required in case of typeOfTransaction is Existing else blank" </summary>
        </member>
        <member name="P:Transaction.Models.SavePMSSIP.typeofTrans">
            <summary> "New|Existing"" </summary>
        </member>
        <member name="P:Transaction.Models.SavePMSSIP.frequency">
            <summary> "Monthly|Quarterly|Yearly" </summary>
        </member>
        <member name="P:Transaction.Models.SavePMSTopup.pmsCode">
            <summary> "PMSCode Required in case of typeOfTransaction is Existing else blank" </summary>
        </member>
        <member name="P:Transaction.Models.SavePMSTopup.typeOfTransaction">
            <summary> "New|Existing"" </summary>
        </member>
        <member name="P:Transaction.Models.PaymentConfirm.merchantId">
            <summary> "MOTILALOAM" </summary>
        </member>
        <member name="P:Transaction.Models.PaymentConfirm.transactionReferenceNo">
            <summary> "GHDF4558070213" </summary>
        </member>
        <member name="P:Transaction.Models.PaymentConfirm.transactionAmount">
            <summary> "Minimum Amount 1 lakh" </summary>
        </member>
        <member name="P:Transaction.Models.PaymentConfirm.bankId">
            <summary> "Bank Short name" </summary>
        </member>
        <member name="P:Transaction.Models.PaymentConfirm.bankMerchantId">
            <summary> "NA" </summary>
        </member>
        <member name="P:Transaction.Models.PaymentConfirm.transactionType">
            <summary> "01" </summary>
        </member>
        <member name="P:Transaction.Models.PaymentConfirm.currency">
            <summary> "INR" </summary>
        </member>
        <member name="P:Transaction.Models.PaymentConfirm.securityType">
            <summary> "NA" </summary>
        </member>
        <member name="P:Transaction.Models.PaymentConfirm.securityPassword">
            <summary> "NA" </summary>
        </member>
        <member name="P:Transaction.Models.PaymentConfirm.authStatus">
            <summary> "0300: success" </summary>
        </member>
        <member name="P:Transaction.Models.PaymentConfirm.settlementType">
            <summary> "NA" </summary>
        </member>
        <member name="P:Transaction.Models.PaymentConfirm.additional_Info1">
            <summary> "PMSCODE" </summary>
        </member>
        <member name="P:Transaction.Models.PaymentConfirm.additional_Info3">
            <summary> "NA" </summary>
        </member>
        <member name="P:Transaction.Models.PaymentConfirm.additional_Info4">
            <summary> "NA" </summary>
        </member>
        <member name="P:Transaction.Models.PaymentConfirm.additional_Info5">
            <summary> "NONLIQUID" </summary>
        </member>
        <member name="P:Transaction.Models.PaymentConfirm.additional_Info6">
            <summary> "logic for generating Code-(RESIDENT-VAL-NA-L-NA-NA)" </summary>
        </member>
        <member name="P:Transaction.Models.PaymentConfirm.additional_Info7">
            <summary> "Date Time in String " </summary>
        </member>
        <member name="P:Transaction.Models.PaymentConfirm.erroStatus">
            <summary> "NA" </summary>
        </member>
        <member name="P:Transaction.Models.PaymentConfirm.errorDescription">
            <summary> "NA" </summary>
        </member>
        <member name="P:Transaction.Models.RedemptionValidReq.scheme">
            <summary>DE</summary>
        </member>
        <member name="P:Transaction.Models.RedemptionValidReq.plan">
            <summary>DA</summary>
        </member>
        <member name="P:Transaction.Models.RedemptionValidReq.trType">
            <summary>PUR</summary>
        </member>
        <member name="P:Transaction.Models.RedemptionTraReq.moSchemeCode">
            <summary>e.g. 127CPGDG</summary>
        </member>
        <member name="P:Transaction.Models.RedemptionTraReq.untamtflg">
            <summary>e.g. U | A (U - units/ A- Amounts)</summary>
        </member>
        <member name="P:Transaction.Models.RedemptionTraReq.redeemType">
            <summary>e.g. P | F (P - Partial/ A- Full)</summary>
        </member>
        <member name="P:Transaction.Models.ReduceRedemptionrequest.folioNo">
            <summary>9074060886</summary>
        </member>
        <member name="P:Transaction.Models.ReduceRedemptionrequest.moslCode">
            <summary> 127CPGPG</summary>
        </member>
        <member name="P:Transaction.Models.FolioDetailReq.folioNo">
            <summary>Enter valid account no. e.g. 9104299083  </summary>
        </member>
        <member name="P:Transaction.Models.FolioDetailReq.schemeCode">
            <summary>Enter valid schemecode no. e.g. 127USGDG  </summary>
        </member>
        <member name="P:Transaction.Models.NewInvestmentSchemeReq.folioNo">
            <summary>e.g. 9042012422</summary>
        </member>
        <member name="P:Transaction.Models.NewInvestmentSchemeReq.trnType">
            <summary>e.g. P</summary>
        </member>
        <member name="P:Transaction.Models.NewInvestmentSchemeReq.category">
            <summary>e.g. 11</summary>
        </member>
        <member name="P:Transaction.Models.NewInvestmentSchemeReq.scheme">
            <summary>e.g. CP</summary>
        </member>
        <member name="P:Transaction.Models.NewInvestmentSchemeReq.plan">
            <summary>e.g. GP</summary>
        </member>
        <member name="P:Transaction.Models.NewInvestmentSchemeReq.option">
            <summary>e.g. G</summary>
        </member>
        <member name="P:Transaction.Models.NewInvPlanReq.scheme">
            <summary> e.g. US </summary>
        </member>
        <member name="P:Transaction.Models.NewInvPlanReq.mode">
            <summary> e.g. Direct </summary>
        </member>
        <member name="P:Transaction.Models.NewInvPlanReq.folioNumber">
            <summary> e.g. 9102339311 </summary>
        </member>
        <member name="P:Transaction.Models.NewInvPlanReq.moSchemeCode">
            <summary> e.g. 127GRGPG </summary>
        </member>
        <member name="P:Transaction.Models.NewInvOptionsReq.scheme">
            <summary>CP </summary>
        </member>
        <member name="P:Transaction.Models.NewInvOptionsReq.plan">
            <summary>GP </summary>
        </member>
        <member name="P:Transaction.Models.SwitchTransactionReq.folioNumber">
             <summary> e.g. "12536563565"  </summary> 
        </member>
        <member name="P:Transaction.Models.SwitchTransactionReq.untamtflg">
            <summary>E.g. U | A </summary>
        </member>
        <!-- Badly formed XML comment ignored for member "P:Transaction.Models.SwitchTransactionReq.switchType" -->
    </members>
</doc>
