<?xml version="1.0"?>
<doc>
    <assembly>
        <name>LoginModule</name>
    </assembly>
    <members>
        <member name="P:LoginModule.Models.AuthenticateUser.panNo">
            <summary>Enter valid pan no. e.g. "XXXXX1234X"</summary>
        </member>
        <member name="P:LoginModule.Models.AuthenticateUser.otp">
            <summary>Enter valid 4 digit OTP e.g. "XXXX"</summary>
        </member>
        <member name="P:LoginModule.Models.AuthorizeUser.mode">
            <summary>SILENT|EXPLICIT</summary>
        </member>
        <member name="P:LoginModule.Models.AuthorizeUser.panNo">
            <summary>Enter valid pan no. e.g. "XXXXX1234X"</summary>
        </member>
        <member name="P:LoginModule.Models.AuthorizeUser.otp">
            <summary>Enter valid 4 digit OTP e.g. "XXXX"</summary>
        </member>
        <member name="P:LoginModule.Models.AuthorizeUser.accessToken">
            <summary>RefreshToken</summary>
        </member>
        <member name="P:LoginModule.Models.AuthorizeUser.refreshToken">
            <summary>RefreshToken</summary>
        </member>
        <member name="P:LoginModule.Models.AuthorizeUserWhatsappReq.mode">
            <summary>SILENT|EXPLICIT</summary>
        </member>
        <member name="P:LoginModule.Models.AuthorizeUserWhatsappReq.panNo">
            <summary>Enter valid pan no. e.g. "XXXXX1234X"</summary>
        </member>
        <member name="P:LoginModule.Models.AuthorizeUserWhatsappReq.otp">
            <summary>Enter valid 4 digit OTP e.g. "XXXX"</summary>
        </member>
        <member name="P:LoginModule.Models.AuthorizeUserWhatsappReq.accessToken">
            <summary>RefreshToken</summary>
        </member>
        <member name="P:LoginModule.Models.AuthorizeUserWhatsappReq.refreshToken">
            <summary>RefreshToken</summary>
        </member>
        <member name="P:LoginModule.Models.GenerateOtp.panNo">
            <summary>Enter valid pan no. e.g. "XXXXX1234X"</summary>
        </member>
        <member name="P:LoginModule.Models.GenerateOtpWhatsappReq.panNo">
            <summary>Enter valid pan no. e.g. "XXXXX1234X"</summary>
        </member>
    </members>
</doc>
