<?xml version="1.0"?>
<doc>
    <assembly>
        <name>InitModule</name>
    </assembly>
    <members>
        <member name="P:InitModule.Models.GetAppInfo.appChannel">
            <summary>One of ANDROIDMARKET | APPSTORE</summary>
        </member>
        <member name="P:InitModule.Models.InitPost.appId">
            <summary>0/Valid appId </summary>
        </member>
        <member name="P:InitModule.Models.InitPost.appMarket">
            <summary>ANDROIDMARKET/APPSTORE </summary>
        </member>
        <member name="P:InitModule.Models.InitPost.appName">
            <summary>Application name </summary>
        </member>
        <member name="P:InitModule.Models.InitPost.appVersion">
            <summary>Valid Version Format eg 1.0.0/1.02.03</summary>
        </member>
        <member name="P:InitModule.Models.InitPost.deviceModel">
            <summary>Android SDK built for x86</summary>
        </member>
        <member name="P:InitModule.Models.InitPost.deviceScreen">
            <summary>768 X 1184</summary>
        </member>
        <member name="P:InitModule.Models.InitPost.deviceUUID">
            <summary>c7583a1f70eec554</summary>
        </member>
        <member name="P:InitModule.Models.InitPost.deviceVendor">
            <summary>unknown</summary>
        </member>
        <member name="P:InitModule.Models.InitPost.osName">
            <summary>Android/ISO</summary>
        </member>
        <member name="P:InitModule.Models.InitPost.osVendor">
            <summary>Google</summary>
        </member>
        <member name="P:InitModule.Models.InitPost.osVersion">
            <summary>Valid Version Format eg 1.0.0/1.02.03</summary>
        </member>
        <member name="P:InitModule.Models.InitPost.osVersionNumber">
            <summary>0/Num value</summary>
        </member>
        <member name="P:InitModule.Models.InitPost.updatedTimeStamp">
            <summary>Num value in Seconds</summary>
        </member>
        <member name="P:InitModule.Models.WebInitPost.appId">
            <summary>0</summary>
        </member>
        <member name="P:InitModule.Models.WebInitPost.appMarket">
            <summary>WEB</summary>
        </member>
        <member name="P:InitModule.Models.WebInitPost.appName">
            <summary>AMC Campaign</summary>
        </member>
        <member name="P:InitModule.Models.WebInitPost.machineIp">
            <summary>machineIp</summary>
        </member>
        <member name="P:InitModule.Models.WebInitPost.deviceScreen">
            <summary>Screen Size</summary>
        </member>
        <member name="P:InitModule.Models.WebInitPost.osName">
            <summary>System OS Windows/mac/linux/ubando</summary>
        </member>
        <member name="P:InitModule.Models.WebInitPost.osVendor">
            <summary>IE/Chrome/Safari/Mozilaa/UC browser</summary>
        </member>
        <member name="P:InitModule.Models.WebInitPost.osVersion">
            <summary>Version of Browser</summary>
        </member>
    </members>
</doc>
