<?xml version="1.0"?>
<doc>
    <assembly>
        <name>PreLogin</name>
    </assembly>
    <members>
        <member name="P:PreLogin.Models.MFPerformanceTable.groupSchemeCode">
            <summary> "Refer Init API "groupCode" key from Response eg: MO24095" </summary>
        </member>
        <member name="P:PreLogin.Models.MFPeriodicTable.investorType">
            <summary> "Lumpsum|SIP" </summary>
        </member>
        <member name="P:PreLogin.Models.MFPeriodicTable.mfSchemeCode">
            <summary> "Refer Init API "schemeCode" key from Response eg: 24095|21098" </summary>
        </member>
        <member name="P:PreLogin.Models.MFPeriodicTable.fromDate">
            <summary>2010-01-01 Date Format (yyyy-MM-dd) </summary>
        </member>
        <member name="P:PreLogin.Models.MFPeriodicTable.toDate">
            <summary>2018-01-01 Date Format (yyyy-MM-dd) </summary>
        </member>
        <member name="P:PreLogin.Models.holding.productName">
            <summary> "Refer Init API  "MFProduct:schemeName|PMSProduct:strategyname" key from Response eg: Motilal Oswal MoSt Focused 25 Fund|Value Strategy" </summary>
        </member>
        <member name="P:PreLogin.Models.ProdPerfoTabularReq.mfGroupCode">
            <summary> "Refer Init API "mfScheme:groupCode" key from Response eg: MO19233|MO26134" </summary>
        </member>
        <member name="P:PreLogin.Models.Nav.mfSchemeCode">
            <summary> "Refer Init API "schemeCode" key from Response eg: 24095" </summary>
        </member>
        <member name="P:PreLogin.Models.NavHistory.mfSchemeCode">
            <summary> "Refer Init API "schemeCode" key from Response eg: 24095|21098" </summary>
        </member>
        <member name="P:PreLogin.Models.NavHistory.fromDate">
            <summary>2010-01-01 Date Format (yyyy-MM-dd) </summary>
        </member>
        <member name="P:PreLogin.Models.NavHistory.toDate">
            <summary>2018-01-01 Date Format (yyyy-MM-dd) </summary>
        </member>
        <member name="P:PreLogin.Models.ProdPerfoNav.mfGroupCode">
            <summary> "Refer Init API "mfScheme:groupCode" key from Response eg: MO33399" </summary>
        </member>
        <member name="P:PreLogin.Models.ProdPerfoNavHistory.mfGroupCode">
            <summary> "Refer Init API "mfScheme:groupCode" key from Response eg: MO33399" </summary>
        </member>
        <member name="P:PreLogin.Models.ProdPerfoNavHistory.fromDate">
            <summary>2010-01-01 Date Format (yyyy-MM-dd) </summary>
        </member>
        <member name="P:PreLogin.Models.ProdPerfoNavHistory.toDate">
            <summary>2018-01-01 Date Format (yyyy-MM-dd) </summary>
        </member>
        <member name="P:PreLogin.Models.ProdPerfoNavHistory.planmode">
            <summary>  "Refer Init API "mfScheme:planMode" key from Response eg: Direct-Dividend-Q"  </summary>
        </member>
        <member name="P:PreLogin.Models.Benchmark.schemeCode">
            <summary> "Refer Init API  "schemeCode" key from Response eg: 26134" </summary>
        </member>
        <member name="P:PreLogin.Models.MFPeriodicGraph.investorType">
            <summary> "Lumpsum|SIP" </summary>
        </member>
        <member name="P:PreLogin.Models.MFPeriodicGraph.mfSchemeCode">
            <summary> "Refer Init API "schemeCode" key from Response eg: 29396" </summary>
        </member>
        <member name="P:PreLogin.Models.MFPeriodicGraph.fromDate">
            <summary>2010-01-01 Date Format (yyyy-MM-dd) </summary>
        </member>
        <member name="P:PreLogin.Models.MFPeriodicGraph.toDate">
            <summary>2018-01-01 Date Format (yyyy-MM-dd) </summary>
        </member>
        <member name="P:PreLogin.Models.MFPeriodicGraph.benchMarkCode">
            <summary> "Refer benchmark API "bmcode" key from Response eg: 2009" </summary>
        </member>
        <member name="P:PreLogin.Models.Video.titleSearch">
            <summary> ""|"am"|titlesearch can be Search on  "title" Key value from below Response Body </summary>
        </member>
        <member name="P:PreLogin.Models.Video.offset">
            <summary> ""|0|last No from last Fetch Data  </summary>
        </member>
        <member name="P:PreLogin.Models.Video.count">
            <summary> ""|10|No of Count from last Fetch Data </summary>
        </member>
        <member name="P:PreLogin.Models.BlogsId.blogId">
            <summary> eg: "1" 
            Run API blogList, blogName can be Search from   "id" Key value of API blogList </summary>
        </member>
        <member name="P:PreLogin.Models.BlogsName.blogName">
            <summary> eg: "Mr. Aashish Somaiyaa" 
            blogName can be Search from Key value of API blogCategories </summary>
        </member>
        <member name="P:PreLogin.Models.WCThought.title">
            <summary> ""|title can be Search from "title" Key value from below Response body  </summary>
        </member>
        <member name="P:PreLogin.Models.WCThought.fromDate">
            <summary>""|2010-01-01 Date Format (yyyy-MM-dd) </summary>
        </member>
        <member name="P:PreLogin.Models.WCThought.toDate">
            <summary>""|2018-01-01 Date Format (yyyy-MM-dd) </summary>
        </member>
        <member name="P:PreLogin.Models.WCThought.offset">
            <summary> ""|0|last No from last Fetch Data  </summary>
        </member>
        <member name="P:PreLogin.Models.WCThought.count">
            <summary> ""|10|No of Count from last Fetch Data </summary>
        </member>
        <member name="P:PreLogin.Models.Downloads.type">
            <summary> "Monthly Communique'|'Factsheet'" </summary>
        </member>
        <member name="P:PreLogin.Models.Downloads.offset">
            <summary> ""|0|Last No from last Fetch Data  </summary>
        </member>
        <member name="P:PreLogin.Models.Downloads.count">
            <summary> ""|10|No of Count from last Fetch Data </summary>
        </member>
        <member name="P:PreLogin.Models.PMSInvestment.productName">
            <summary> "Refer Init API  "PMSProduct:strategyName" key from Response eg: value Strategy" </summary>
        </member>
        <member name="P:PreLogin.Models.PMSInvestment.fromDate">
            <summary>2010-01-01 Date Format (yyyy-mm-dd) </summary>
        </member>
        <member name="P:PreLogin.Models.PMSInvestment.toDate">
            <summary>2018-01-01 Date Format (yyyy-mm-dd) </summary>
        </member>
        <member name="P:PreLogin.Models.PMSReturn.productCode">
            <summary> "Refer Init API  "PMSProduct:strategyCode" key from Response eg: value|ntdop|IOPS" </summary>
        </member>
        <member name="P:PreLogin.Models.PMSDetail.productCode">
            <summary> "Refer Init API  "PMSProduct:strategyCode" key from Response eg: value|ntdop|IOPS" </summary>
        </member>
        <member name="P:PreLogin.Models.Allocation.productName">
            <summary> "Refer Init API  "MFProduct:schemeName|PMSProduct:strategyname" key from Response eg: Motilal Oswal Focused 25 Fund|Value Strategy" </summary>
        </member>
    </members>
</doc>
